id,firstname,lastname,city,email,age,birth
1,Zaria,Ledah,Bilbao,Zaria.Ledah@yopmail.com,30,16-10-2007
2,Shaine,Montgomery,Sabha,Shaine.Montgomery@yopmail.com,31,19-01-1986
3,Lynde,Jary,Pretoria,Lynde.Jary@yopmail.com,36,25-10-2008
4,Angela,Timon,Bangkok,Angela.Timon@yopmail.com,45,31-05-2005
5,Kalina,Kronfeld,Cape Town,Kalina.Kronfeld@yopmail.com,47,16-11-1994
6,Clary,Colp,Budapest,Clary.Colp@yopmail.com,7,28-03-1984
7,Lynea,Chauncey,Buffalo,Lynea.Chauncey@yopmail.com,3,20-06-2014
8,Sadie,Callista,Cayenne,Sadie.Callista@yopmail.com,6,31-05-2019
9,Cyndie,Carolin,Edmonton,Cyndie.Carolin@yopmail.com,4,03-12-1985
10,Dale,Kronfeld,Bamako,Dale.Kronfeld@yopmail.com,5,22-10-2012
11,Theodora,Bohlin,Guadalajara,Theodora.Bohlin@yopmail.com,18,13-01-2019
12,Teriann,Gavrila,Arequipa,Teriann.Gavrila@yopmail.com,29,31-10-1999
13,Lynde,Dulciana,Whitehorse,Lynde.Dulciana@yopmail.com,17,29-06-1994
14,Karly,Fink,Austin,Karly.Fink@yopmail.com,35,11-04-1998
15,Rubie,Cath,Cairns,Rubie.Cath@yopmail.com,30,08-10-2009
16,Dotty,Goth,Muscat,Dotty.Goth@yopmail.com,13,24-12-2002
17,Orsola,Carri,Panama City,Orsola.Carri@yopmail.com,39,25-06-1984
18,Barbi,Kimmie,Manama,Barbi.Kimmie@yopmail.com,46,03-04-2003
19,Hyacinthe,Euridice,Belfast,Hyacinthe.Euridice@yopmail.com,45,23-08-2010
20,Barbi,Wolfgram,Da Nang,Yetty.Wolfgram@yopmail.com,24,18-12-1989